,linesRemove,Freq,class,city,p,medianDocMidDist
1000,download the new gola app,7,1,California_Los Angeles,0.000192859,0.116438356
2625,rt citylajobs want a job as good as the first eight seasons of scrubs the city of los angeles is now hiring medical assistants,11,0,California_Los Angeles,0.000303064,0.282051282
1314,for visitors,865,1,California_Los Angeles,0.023831827,0.19
3316,translate,431,1,California_Los Angeles,0.011874587,0.41025641
2844,take the chief of police qualities survey your opinion counts,248,0,California_Los Angeles,0.006832709,0.192307692
1701,la city tweets,431,1,California_Los Angeles,0.011874587,0.230769231
69,a free automated system used to send out alerts to the public about emergency and critical incidents notifyla can reach the public via recorded telephone messages text messages and emails,2,0,California_Los Angeles,5.51E-05,0.049450549
554,channel,863,1,California_Los Angeles,0.023776725,0.141791045
1699,la city construction matchmaking event,7,0,California_Los Angeles,0.000192859,0.114285714
2659,search form,431,1,California_Los Angeles,0.011874587,0.175324675
1672,jump to the footer,431,1,California_Los Angeles,0.011874587,0.448717949
467,by los angeles police department on,12,1,California_Los Angeles,0.000330615,0.057088285
1187,find jobs,867,1,California_Los Angeles,0.02388693,0.176923077
653,clase si hay objeciones el tribunal las en ese momento de la audiencia el tribunal,1,0,California_Los Angeles,2.76E-05,0.352459016
1277,for more information go to,6,1,California_Los Angeles,0.000165307,0.132911392
514,call or,431,1,California_Los Angeles,0.011874587,0.41025641
1299,for residents,867,1,California_Los Angeles,0.02388693,0.21875
2656,search,1729,1,California_Los Angeles,0.047636103,0.26119403
383,blogs,241,1,California_Los Angeles,0.00663985,0.02
65,affordable housing commission meeting,2,0,California_Los Angeles,5.51E-05,0.017647059
2666,select an app icon to launch it,2,1,California_Los Angeles,5.51E-05,0.309090909
1779,lausd students who began classes in the fall and graduate in will be the first to qualify for the college promise which guarantees admission and a year of tuition free education on one of the nine campuses in the los angeles community college district the college promise will provide students with resources and support that ranges from tutoring and mentoring programs to financial literacy workshops,2,0,California_Los Angeles,5.51E-05,0.022222222
3181,the terminal connector not only makes lax more accommodating for travelers it also displays our dedication to building environmentally friendly infrastructure said city councilmember bob blumenfield who chairs the innovation grants technology commerce and trade committee it sets a powerful precedent for future projects to uphold the same green standards and increase energy conservation,2,0,California_Los Angeles,5.51E-05,0.097701149
773,council directory,42,1,California_Los Angeles,0.001157152,0.31294964
3381,utulizando la horario de juntas o descargar la aplicacion app,1,0,California_Los Angeles,2.76E-05,0.3
974,disclaimer,433,1,California_Los Angeles,0.011929689,0.448717949
3283,top,431,1,California_Los Angeles,0.011874587,0.5
1449,home,1294,1,California_Los Angeles,0.035651311,0.14556962
3221,through a collaboration with our partners on the local and federal level we have created an annual tradition to bring more people to the los angeles river said councilmember who represents the elysian valley neighborhood where the glendale narrows is located this is a great opportunity for angelenos to get on the water enjoy the wildlife experience the potential and enjoy nature near the birthplace of our great city,2,0,California_Los Angeles,5.51E-05,0.117283951
369,best weekly news show la this week,2,1,California_Los Angeles,5.51E-05,0.033333333
3501,what if my battery dies,2,1,California_Los Angeles,5.51E-05,0.110526316
1960,mayor eric garcetti announces plan for a resilient los angeles,248,0,California_Los Angeles,0.006832709,0.179487179
345,back to top,21,1,California_Los Angeles,0.000578576,0.085714286
1202,first and foremost we want to thank the public for your patience in dealing with the street closures resulting fro,230,0,California_Los Angeles,0.006336786,0.294871795
978,discuss inclusion and race at embrace dinners,248,0,California_Los Angeles,0.006832709,0.166666667
1393,gross mismanagement of resources including careless expenditures,2,0,California_Los Angeles,5.51E-05,0.126666667
3411,view more public notices,431,1,California_Los Angeles,0.011874587,0.371794872
3331,tweets by mayorofla,431,1,California_Los Angeles,0.011874587,0.256410256
1306,for the latest information on the la tuna canyon fire and instructions on what to do if you live in the affected area go to,2,0,California_Los Angeles,5.51E-05,0.1
2765,somewhat,4,1,California_Los Angeles,0.000110205,0.128571429
2727,sign up for notifyla,5,1,California_Los Angeles,0.000137756,0.109090909
638,city services,1295,1,California_Los Angeles,0.035678863,0.205128205
2683,service feedback form,2,1,California_Los Angeles,5.51E-05,0.042857143
3430,visitors,431,1,California_Los Angeles,0.011874587,0.346153846
2446,professional clothing drive for homeless lgbtq youth,7,0,California_Los Angeles,0.000192859,0.064102564
2149,n spring st los angeles ca,431,1,California_Los Angeles,0.011874587,0.397435897
3387,various locations,2,1,California_Los Angeles,5.51E-05,0.320197044
2007,menu,862,1,California_Los Angeles,0.023749173,0.365671642
1247,for business,868,1,California_Los Angeles,0.023914481,0.204503676
89,airport police specialist,2,1,California_Los Angeles,5.51E-05,0.134980892
258,art culture,2,1,California_Los Angeles,5.51E-05,0.268361582
911,departments bureaus,48,1,California_Los Angeles,0.00132246,0.217588795
1801,learn more on our frequently asked questions page,3,1,California_Los Angeles,8.27E-05,0.18115942
1657,jobs,431,1,California_Los Angeles,0.011874587,0.333333333
3412,view more tweets,431,1,California_Los Angeles,0.011874587,0.307692308
711,como el de el salvador el libro el principito,234,0,California_Los Angeles,0.006446991,0.282051282
1983,mayor garcetti directed his innovation team to design build test and launch that platform during the process the office collaborated closely with the city of san francisco which launched its own award winning portal in setting an example for how cities can share resources toward mutually beneficial progress,2,0,California_Los Angeles,5.51E-05,0.05
1670,jump to navigation,431,1,California_Los Angeles,0.011874587,0.487179487
771,council committees,44,1,California_Los Angeles,0.001212255,0.224550898
804,council rules,49,1,California_Los Angeles,0.001350011,0.18707483
916,dept of recreation parks,13,1,California_Los Angeles,0.000358166,0.268361582
2418,pothole small asphalt repair,1,1,California_Los Angeles,2.76E-05,0.257575758
1696,la city awards,431,1,California_Los Angeles,0.011874587,0.384615385
1673,jump to the site map,431,1,California_Los Angeles,0.011874587,0.461538462
2084,neighborhood councils,43,1,California_Los Angeles,0.001184704,0.241007194
2174,offer comment on the housing and community investment decision to release funds for the florence mills apartments,434,0,California_Los Angeles,0.01195724,0.346153846
1851,los angeles,468,1,California_Los Angeles,0.012893983,0.435064935
1448,hollyhock curator jeffrey herr says the video tour will utilize three dimensional camera work and provide a near virtual view due to the camera angle helping people navigate through the house as if they are on a tour,2,0,California_Los Angeles,5.51E-05,0.090361446
210,anterior a la fecha del acuerdo de la durante la vigencia del,1,0,California_Los Angeles,2.76E-05,0.090163934
534,celebrate african american heritage month,248,0,California_Los Angeles,0.006832709,0.217948718
2094,news dtla merchants selling counterfeit phone chargers because these pose a significant shock fire hazard,193,0,California_Los Angeles,0.00531739,0.276315789
1446,history of los angeles,56,1,California_Los Angeles,0.00154287,0.176357335
3310,toy reuse drive flyer,2,1,California_Los Angeles,5.51E-05,0.084415584
421,business,433,1,California_Los Angeles,0.011929689,0.358974359
3129,the port of los angeles is now accepting applications for its community investment grant program,434,0,California_Los Angeles,0.01195724,0.333333333
1333,from los angeles will host dinners across every one of the districts that make up our city each dinner will consist of a chef a gathering of neighbors and a thoughtful dialogue centered on one of the most important topics of our time race attending is free apply at,2,0,California_Los Angeles,5.51E-05,0.105263158
382,blog,527,1,California_Los Angeles,0.014519506,0.062352941
588,city council meeting and committee calendar,48,1,California_Los Angeles,0.00132246,0.182942835
1404,happy birthday,2,1,California_Los Angeles,5.51E-05,0.08974359
2484,public safety emergency services,11,1,California_Los Angeles,0.000303064,0.186868687
91,airports los angeles world,3,1,California_Los Angeles,8.27E-05,0.25
521,cannabis regulation commission,4,1,California_Los Angeles,0.000110205,0.078767123
2814,submit feedback,437,1,California_Los Angeles,0.012039894,0.423076923
3591,your government,882,1,California_Los Angeles,0.024300198,0.166666667
1382,government,432,1,California_Los Angeles,0.011902138,0.320512821
1481,how will federal funds help your community please join us at a public hearing to review the proposed plan,434,0,California_Los Angeles,0.01195724,0.358974359
1172,filming,12,1,California_Los Angeles,0.000330615,0.144144144
763,copyright city of los angeles all rights reserved,433,1,California_Los Angeles,0.011929689,0.435897436
100,alexa ask city what city council meetings are happening tomorrow,12,1,California_Los Angeles,0.000330615,0.147075874
2439,privacy policy,433,1,California_Los Angeles,0.011929689,0.474358974
1963,mayor eric garcetti in partnership with,4,1,California_Los Angeles,0.000110205,0.052277228
1705,la cityview recognized for excellence in government programming,6,0,California_Los Angeles,0.000165307,0.033333333
2668,select sign out verification process,1,1,California_Los Angeles,2.76E-05,0.209090909
2512,q why is my address not found when entering a service request or using the find city info map,2,0,California_Los Angeles,5.51E-05,0.157142857
769,council committee meeting audio,42,1,California_Los Angeles,0.001157152,0.189655172
1775,latest posts,241,1,California_Los Angeles,0.00663985,0.153846154
1692,la calendars,55,1,California_Los Angeles,0.001515318,0.210691824
3572,you are here,430,1,California_Los Angeles,0.011847035,0.055555556
455,by housing authority originally posted on on,3,1,California_Los Angeles,8.27E-05,0.030864198
2445,professional artist requested to create public art for the wilmington waterfront promenade,4,0,California_Los Angeles,0.000110205,0.116869096
353569,how to manage that account whereas the perf program is automatic if someone is,1,0,Indiana_Indianapolis,3.76E-07,0.054702495
790293,total budgeted expenses,1,1,Indiana_Indianapolis,3.76E-07,0.144808743
344662,her concern is how much is really being driven by certain elements who want to paint the,1,0,Indiana_Indianapolis,3.76E-07,0.075931232
13966,address of property number and street city state zip code,5469,1,Indiana_Indianapolis,0.00205392,0.250204942
729685,that was not included in the comments section on the form joint report on preliminary informal hearing where there was an,5469,0,Indiana_Indianapolis,0.00205392,0.250071017
679908,signature of county property tax assessment board of appeals member date signed month day year,5469,1,Indiana_Indianapolis,0.00205392,0.250085803
380740,information services agency,1783,1,Indiana_Indianapolis,0.000669618,0.301169591
307335,form,10987,1,Indiana_Indianapolis,0.004126243,0.250027658
677437,she went on to serve as the director of transitional services employment for pace before being promoted to,1,0,Indiana_Indianapolis,3.76E-07,0.380480063
659805,section ii description of property,5469,1,Indiana_Indianapolis,0.00205392,0.250302054
408718,jms rp,1,1,Indiana_Indianapolis,3.76E-07,0.479591837
554934,persons present on half of taxpayer persons include titles present on behalf of assessor,5469,0,Indiana_Indianapolis,0.00205392,0.250117255
419818,lan group,1,1,Indiana_Indianapolis,3.76E-07,0.495922528
690492,special resolution no recognizes w richard dick wayman,1,0,Indiana_Indianapolis,3.76E-07,0.464979064
625318,reporting requirements,18,1,Indiana_Indianapolis,6.76E-06,0.259260062
785300,to experience the natural beauty of this park and its wildlife,1,0,Indiana_Indianapolis,3.76E-07,0.050964187
67502,ask beth neighborhood association access to sheriff sale information,1,1,Indiana_Indianapolis,3.76E-07,0.480392157
204599,county property tax board of appeals exhibits,5469,0,Indiana_Indianapolis,0.00205392,0.250177029
790136,total,11686,1,Indiana_Indianapolis,0.004388757,0.23964563
154854,committee action,9097,1,Indiana_Indianapolis,0.00341644,0.249226006
438228,maintain control over resources for specific activities or objectives the city uses fund accounting to demonstrate compliance with finance related legal,6,0,Indiana_Indianapolis,2.25E-06,0.334532982
10717,actual adopted revised actual budget ytd,2340,1,Indiana_Indianapolis,0.000878803,0.253712871
817831,volume sheet,12,1,Indiana_Indianapolis,4.51E-06,0.379090793
552193,performed in dpw operations requires highly skilled dedicated staff for that,4,0,Indiana_Indianapolis,1.50E-06,0.097592646
538079,outlining who is to be recommended for the award if other than the apparent low is being considered,226,0,Indiana_Indianapolis,8.49E-05,0.261904762
858524,year unless otherwise expressly stipulated and provided by law,16,0,Indiana_Indianapolis,6.01E-06,0.416086305
17098,advanced features such as page forwarding,1,1,Indiana_Indianapolis,3.76E-07,0.331683168
301958,fleet services,123,1,Indiana_Indianapolis,4.62E-05,0.211538462
297350,final agreement,3278,1,Indiana_Indianapolis,0.001231075,0.246253817
263769,efforts the primary goal is to better understand and end of the project will be select a consultant to,1,0,Indiana_Indianapolis,3.76E-07,0.077827548
78287,audit performance,88,1,Indiana_Indianapolis,3.30E-05,0.394736842
49605,annual budget section c of the city county annual budget for be and is hereby amended by,96,1,Indiana_Indianapolis,3.61E-05,0.18434975
341890,health and welfare,227,1,Indiana_Indianapolis,8.53E-05,0.220973783
229943,description project to provide off network facilitation of live video stream broadcast of,1,1,Indiana_Indianapolis,3.76E-07,0.032967033
295429,ffl,1,1,Indiana_Indianapolis,3.76E-07,0.04954955
255145,drug treatment coordinator jennifer fillmore e ohio suite,1,0,Indiana_Indianapolis,3.76E-07,0.244281046
147059,classification to provide for recreational facilities including eight additional volleyball courts a,1,0,Indiana_Indianapolis,3.76E-07,0.314737719
351436,hosting an annual job fair for persons with disabilities as well as hosting the,1,0,Indiana_Indianapolis,3.76E-07,0.174273859
654468,school year financed by a federal grant and transfer of funds between characters by a vote,1,0,Indiana_Indianapolis,3.76E-07,0.156286722
756838,the parks and recreation committee of the city county council met on,55,0,Indiana_Indianapolis,2.07E-05,0.341860465
442719,mansfield mascari moriarty adams oliver osili robinson scales simpson talley,2,0,Indiana_Indianapolis,7.51E-07,0.241545627
205356,county township parcel or key number for real property,5469,0,Indiana_Indianapolis,0.00205392,0.250291886
647649,said he believes citizens would be more willing to accept the increase in coit if they,1,0,Indiana_Indianapolis,3.76E-07,0.019572954
303986,follows,3822,1,Indiana_Indianapolis,0.001435378,0.3
79614,automate ms beth white marion county clerk asked if the vendor has local presence and,1,0,Indiana_Indianapolis,3.76E-07,0.367805755
301765,flagler pl lawrence,1,1,Indiana_Indianapolis,3.76E-07,0.131926121
470781,months it was purchased as the reporting engine for,1,0,Indiana_Indianapolis,3.76E-07,0.019898391
625390,report name revenue by account detail all depts page of date run nov,131,0,Indiana_Indianapolis,4.92E-05,0.251451187
841531,while finding places where unnecessary purchases can be withheld,1,0,Indiana_Indianapolis,3.76E-07,0.245098039
543989,park maintenance and forestry maintains the grounds and facilities of the park system also manages the urban canopy,6,0,Indiana_Indianapolis,2.25E-06,0.385125575
54299,appeal taxes now attn change,1269,0,Indiana_Indianapolis,0.000476582,0.265822785
859100,yeas bateman brown cain cardwell cockrum coleman day hunter lutz mahern,5,0,Indiana_Indianapolis,1.88E-06,0.422102202
805307,units in structure occupied housing units,1,0,Indiana_Indianapolis,3.76E-07,0.437440758
324881,general resolution no approves the issuance of one or more series of sanitary district,2,0,Indiana_Indianapolis,7.51E-07,0.451274262
862013,zon,1427,1,Indiana_Indianapolis,0.00053592,0.15
276664,equalize within major felony drug section courts,2,0,Indiana_Indianapolis,7.51E-07,0.467402734
378845,indygov,1356,1,Indiana_Indianapolis,0.000509255,0.281683277
496046,no monthly taxicab certificate first offense in twelve month period,14,0,Indiana_Indianapolis,5.26E-06,0.255231559
491795,new construction,2,1,Indiana_Indianapolis,7.51E-07,0.452446869
424442,legal description provided on form property record card for real property or business name for personal property,5469,0,Indiana_Indianapolis,0.00205392,0.250192373
576300,professional services,555,1,Indiana_Indianapolis,0.000208434,0.237791134
719352,taxicab operator dress code violation first offense in twelve month period,11,0,Indiana_Indianapolis,4.13E-06,0.256358768
595203,proposal no was retitled general resolution no and reads as,326,0,Indiana_Indianapolis,0.000122432,0.303276296
536543,other updates,31,1,Indiana_Indianapolis,1.16E-05,0.108695652
588065,proposal no adopts the annual budget for the city of indianapolis and,37,0,Indiana_Indianapolis,1.39E-05,0.277777778
740731,the determination of the county property tax assessment board of appeals is justified for the following reasons,5469,0,Indiana_Indianapolis,0.00205392,0.250204942
19468,after ptaboa,28882,1,Indiana_Indianapolis,0.010846832,0.242777761
369540,in committee,2,1,Indiana_Indianapolis,7.51E-07,0.313354763
153634,commercial,5571,1,Indiana_Indianapolis,0.002092227,0.247779544
819133,waive,3,1,Indiana_Indianapolis,1.13E-06,0.480230643
860047,you are hereby notified that the assessed value of the property described on this notification is determine to the value stated above as,5469,0,Indiana_Indianapolis,0.00205392,0.250177823
70295,assessment board of appeals the indiana board of tax industrial personal,5469,0,Indiana_Indianapolis,0.00205392,0.250244927
307360,for major policy decisions budgeting long range planning and the day to day coordination of five departmental divisions fire,2,0,Indiana_Indianapolis,7.51E-07,0.390821784
138178,char materials and supplies,2022,1,Indiana_Indianapolis,0.000759376,0.24090058
239042,digest authorizes intersection controls in the hudson bay at southern dunes subdivision,31,0,Indiana_Indianapolis,1.16E-05,0.249642346
240696,digest recognizes the public service of councillor pamela hickman,30,0,Indiana_Indianapolis,1.13E-05,0.25
93777,belleview pl,12,1,Indiana_Indianapolis,4.51E-06,0.304408933
127628,ccc monthly budget tracking all depts of,367,1,Indiana_Indianapolis,0.000137829,0.246882793
605884,q,295,1,Indiana_Indianapolis,0.000110789,0.214285714
499944,notes to financial statements,703,1,Indiana_Indianapolis,0.000264016,0.08070998
222340,deductions that could reduce your property taxes,1,0,Indiana_Indianapolis,3.76E-07,0.33625731
144171,city county special resolution no,838,1,Indiana_Indianapolis,0.000314717,0.370867635
467688,miscellaneous revenue to be received through dec of present year,189,0,Indiana_Indianapolis,7.10E-05,0.163336109
195997,councillor robinson asked of the new jobs how many of those employees will live in,1,0,Indiana_Indianapolis,3.76E-07,0.153
820529,warren twp small claims,1514,1,Indiana_Indianapolis,0.000568593,0.209090909
496446,non lapsing federal grants,54,1,Indiana_Indianapolis,2.03E-05,0.166537568
764302,there will be a meeting of the public works committee of the city county council on,182,0,Indiana_Indianapolis,6.84E-05,0.230012727
789942,to statistically examine changes in jack in the pulpit height i used repeated measures one way,1,0,Indiana_Indianapolis,3.76E-07,0.361313869
24029,ajabu as a lay person to the marion county community corrections advisory board and the,1,0,Indiana_Indianapolis,3.76E-07,0.269230769
98445,b if the recommendation of the mayor has been approved by the committee on rules and public policy prior to,1,0,Indiana_Indianapolis,3.76E-07,0.443373968
790170,total agency division expenses,262,1,Indiana_Indianapolis,9.84E-05,0.255324039
484528,name parcel case tax rep ptaboa,5570,1,Indiana_Indianapolis,0.002091851,0.264822618
399862,is derived from cable franchise fee revenues paid into the consolidated county general fund partial funding for capital equipment acquisitions is obtained from the peg,1,0,Indiana_Indianapolis,3.76E-07,0.359496964
498250,northwest outer district preliminary incident counts,1,0,Indiana_Indianapolis,3.76E-07,0.396694215
386890,institution pay on the bond or disburse,2,0,Indiana_Indianapolis,7.51E-07,0.274935015
13387,additions reductions,31,1,Indiana_Indianapolis,1.16E-05,0.114178269
88140,be accessed after the hearing at assessor revision warranted due to the demolition remo,1,0,Indiana_Indianapolis,3.76E-07,0.022233425
819695,w a lt o n cr st,1,1,Indiana_Indianapolis,3.76E-07,0.253067485
598120,provided however that nothing in this ordinance shall prevent the offices of the county clerk county prosecutor and the courts,1,0,Indiana_Indianapolis,3.76E-07,0.312267658
773230,this bond is transferable or exchangeable only upon the books of the city kept for that,2,0,Indiana_Indianapolis,7.51E-07,0.224350323
449194,west line of the leopard subdivision a distance of feet more or less to the,1,0,Louisiana_Shreveport,8.01E-07,0.230633803
38761,a resolutions on second reading and final passage,108,1,Louisiana_Shreveport,8.65E-05,0.270778995
29990,an ordinance closing and date,12,1,Louisiana_Shreveport,9.61E-06,0.416471054
96504,could be put into good use right now in inner cities to help revitalize their neighborhood,1,0,Louisiana_Shreveport,8.01E-07,0.081677019
81086,civicplus,2959,1,Louisiana_Shreveport,0.00236946,0.470588235
118437,councilman shyne inaudible ms lawrence you can take your seat hear,1,1,Louisiana_Shreveport,8.01E-07,0.090377548
247211,merry berry christmas festival parade,2904,0,Louisiana_Shreveport,0.002325418,0.151791092
162876,explanation on what that is and where that coming from,1,0,Louisiana_Shreveport,8.01E-07,0.451947683
214212,investment pool,30,0,Louisiana_Shreveport,2.40E-05,0.197277999
17456,amount offered none appraised value district a,35,0,Louisiana_Shreveport,2.80E-05,0.346511628
80114,city of shreveport a tract of land located in the s of section and in the n of,2,0,Louisiana_Shreveport,1.60E-06,0.264845039
75786,changed to shreveport city code,8,0,Louisiana_Shreveport,6.41E-06,0.24032689
456868,whereas the parties now desire to further amend the agreement to provide for,2,0,Louisiana_Shreveport,1.60E-06,0.032459914
49274,back to the chair as well as to all the council members and that will be forthcoming mr antee,2,0,Louisiana_Shreveport,1.60E-06,0.473372781
364385,sit through one of our meetings to say this is something that serious to us and the fact that,1,0,Louisiana_Shreveport,8.01E-07,0.160285529
211639,internal service funds,68,1,Louisiana_Shreveport,5.45E-05,0.323908206
321712,project manager zagars,11,1,Louisiana_Shreveport,8.81E-06,0.204251386
272339,na not applicable because previous month was zero,275,1,Louisiana_Shreveport,0.00022021,0.278481013
79967,city of shreveport,8208,1,Louisiana_Shreveport,0.006572668,0.294871795
254579,moving to the beat making your own hula hoop,1431,0,Louisiana_Shreveport,0.001145893,0.140718563
128790,councilman wooley yeah only like two public comments left,2,0,Louisiana_Shreveport,1.60E-06,0.178274035
357710,s ft of lot boisseau annex,1,1,Louisiana_Shreveport,8.01E-07,0.157996894
81494,classified,323,1,Louisiana_Shreveport,0.000258647,0.193106286
247731,michael corbin,39,1,Louisiana_Shreveport,3.12E-05,0.437106918
71351,capacity for the next to years would be to construct additional water,14,0,Louisiana_Shreveport,1.12E-05,0.23506494
93455,contractor jpd,41,1,Louisiana_Shreveport,3.28E-05,0.426873857
311192,pertinent information related to compliance with the foregoing requirements including,9,0,Louisiana_Shreveport,7.21E-06,0.097243492
156228,engineering environment services,103,1,Louisiana_Shreveport,8.25E-05,0.080246914
375578,street shreveport la postponed until,2,0,Louisiana_Shreveport,1.60E-06,0.379285087
230854,limited to climate control storage mini warehouses residence and outside storage of,1,0,Louisiana_Shreveport,8.01E-07,0.241721854
91962,contact us,6051,1,Louisiana_Shreveport,0.004845421,0.414285714
280646,now therefore be it ordained by the city council of the city of shreveport,248,0,Louisiana_Shreveport,0.000198589,0.313396595
346039,riverfront development,144,1,Louisiana_Shreveport,0.00011531,0.414138236
78171,chris hays black history program,2882,0,Louisiana_Shreveport,0.002307801,0.198630137
195280,home,9029,1,Louisiana_Shreveport,0.007230095,0.357142857
154210,email page,2965,1,Louisiana_Shreveport,0.002374264,0.343137255
186033,guests sir,1,1,Louisiana_Shreveport,8.01E-07,0.490501319
325723,providing with respect thereto disparity study a lester introduced,45,0,Louisiana_Shreveport,3.60E-05,0.194444444
24500,and providing for an encroachment on a portion of the montrose dr row,1,0,Louisiana_Shreveport,8.01E-07,0.111111111
236058,louisiana was called to order by chairman theron jackson at,5,0,Louisiana_Shreveport,4.00E-06,0.4976535
435071,until,450,1,Louisiana_Shreveport,0.000360344,0.362222992
170876,ford motor credit company uncancelled mortgage in favor of ford motor credit,1,0,Louisiana_Shreveport,8.01E-07,0.419760479
462262,withdraw this assuring you this name will come back to you but looking for four,1,0,Louisiana_Shreveport,8.01E-07,0.026653974
184332,grand opening activities of the red river entertainment district and to otherwise provide with respect,1,0,Louisiana_Shreveport,8.01E-07,0.455530217
167181,finance department accounting division,35,1,Louisiana_Shreveport,2.80E-05,0.48125
462332,with grass carp,1,1,Louisiana_Shreveport,8.01E-07,0.037719796
161830,exhibit c,21,1,Louisiana_Shreveport,1.68E-05,0.347865502
218089,items or applications and to this end the provisions of this ordinance are hereby,64,1,Louisiana_Shreveport,5.12E-05,0.349148958
2,a,339,1,Louisiana_Shreveport,0.000271459,0.241424802
139518,departments,465,1,Louisiana_Shreveport,0.000372355,0.104651163
84277,coming at one time normally usually one humongous group that comes to,1,0,Louisiana_Shreveport,8.01E-07,0.254172185
315770,posted on,4557,1,Louisiana_Shreveport,0.00364908,0.119318182
361641,shreveport i want to say that i appreciate the support you all gave to the people in the,1,0,Louisiana_Shreveport,8.01E-07,0.125
148030,d ordinances on second reading and final passage numbers are,146,0,Louisiana_Shreveport,0.000116911,0.086866691
139749,department we felt that money should be allocated it not that we think it should,2,0,Louisiana_Shreveport,1.60E-06,0.095003785
367049,someone is appointed to a committee that we check them out that if they owe us any,1,0,Louisiana_Shreveport,8.01E-07,0.278586279
5833,address a problem in the city of shreveport so i want the citizens of this city to know,1,0,Louisiana_Shreveport,8.01E-07,0.24076087
124362,councilman walford mr chairman since there is pending state legislation i,1,0,Louisiana_Shreveport,8.01E-07,0.022999521
357075,severable,632,1,Louisiana_Shreveport,0.000506083,0.202470985
334825,regular agenda legislation,591,1,Louisiana_Shreveport,0.000473251,0.244063325
69381,caddo parish commissioner stephanie lynch,1453,1,Louisiana_Shreveport,0.00116351,0.219178082
4746,actual estimate goal,570,1,Louisiana_Shreveport,0.000456435,0.182162245
284175,office abo have worked in the last year to update and revise the alcohol laws in an,8,0,Louisiana_Shreveport,6.41E-06,0.209615422
160754,examination of the railroad issue since it is a federal venue as i understand it not a state,1,0,Louisiana_Shreveport,8.01E-07,0.091048951
171501,form center,56,1,Louisiana_Shreveport,4.48E-05,0.247092671
306633,parts thereof in conflict herewith are hereby repealed,4,0,Louisiana_Shreveport,3.20E-06,0.120889116
286221,of ordinances relative to the funky fridays event and to otherwise,1,0,Louisiana_Shreveport,8.01E-07,0.227969349
215651,is going to look easy compared to,1,0,Louisiana_Shreveport,8.01E-07,0.278185745
65160,bulk,24,1,Louisiana_Shreveport,1.92E-05,0.318335361
462329,with government auditing standards in considering the internal control over financial reporting,2,0,Louisiana_Shreveport,1.60E-06,0.4178641
99507,councilman carmody i would support the underground as well just from the,1,0,Louisiana_Shreveport,8.01E-07,0.354862119
407672,thereof which was filed with the original copy of this resolution for public inspection in the,4,0,Louisiana_Shreveport,3.20E-06,0.10516752
176775,funding as it affects the lease rates and so when we get that done we can enter into an,1,0,Louisiana_Shreveport,8.01E-07,0.009151414
434313,unfunded needs,480,1,Louisiana_Shreveport,0.000384367,0.202057361
64129,budget change budget years,1006,1,Louisiana_Shreveport,0.000805568,0.241881285
144989,distribution and collection systems,46,0,Louisiana_Shreveport,3.68E-05,0.102397132
369802,spar weightlifting vs olympian kendrick,1451,1,Louisiana_Shreveport,0.001161908,0.140718563
32934,apparently prior counsel for the dda decided that it necessary to bring this issue before the,1,0,Louisiana_Shreveport,8.01E-07,0.121456764
421391,to accept a monetary donation,4,1,Louisiana_Shreveport,3.20E-06,0.304627207
363567,sign in,3185,1,Louisiana_Shreveport,0.002550432,0.457446809
180633,glad a year ago we budget like the lady from one of the arts organization,1,0,Louisiana_Shreveport,8.01E-07,0.060752688
136292,debit service for what you were doing these jobs today what paying for the,1,0,Louisiana_Shreveport,8.01E-07,0.475690608
388990,that was my concern it had nothing to do with raiding the fund but in fact it was,1,0,Louisiana_Shreveport,8.01E-07,0.063419913
208725,in one or more series for the purpose of refunding certain existing,2,0,Louisiana_Shreveport,1.60E-06,0.264643363
212915,in the practice of questioning motive i just look at what you say and,1,0,Louisiana_Shreveport,8.01E-07,0.350284784
291379,one or more series for the purpose of refunding certain existing,1,0,Louisiana_Shreveport,8.01E-07,0.003759398
68160,by compressed natural gas that be able to take some significance there there is also,1,0,Louisiana_Shreveport,8.01E-07,0.373394495
121289,councilman shyne yeah have the amendment,1,1,Louisiana_Shreveport,8.01E-07,0.465556397
347412,rss,3859,1,Louisiana_Shreveport,0.003090147,0.287671233
331691,rebate incentive pay trip and the film industry incentive program fiip each agreement was negotiated under a,1,0,Louisiana_Shreveport,8.01E-07,0.123637888
122308,councilman walford and this will be mary smith and elvira smith,1,1,Louisiana_Shreveport,8.01E-07,0.225543478
250488,month,88,0,Louisiana_Shreveport,7.05E-05,0.350393701
454592,whereas section of the charter of the city of shreveport requires the department of,1,0,Louisiana_Shreveport,8.01E-07,0.104492852
283397,ofc cler training,28,1,Louisiana_Shreveport,2.24E-05,0.286738058
322710,property for business operations in the city of shreveport requiring the provision of,29,0,Louisiana_Shreveport,2.32E-05,0.451634877
192808,hereby repealed,1074,1,Louisiana_Shreveport,0.00086002,0.23720027
76474,charges for services,120,1,Louisiana_Shreveport,9.61E-05,0.340939244
290142,old business,30,1,Louisiana_Shreveport,2.40E-05,0.176509317
79936,city office and now brings the lease into final agreement between parties,1,0,Louisiana_Shreveport,8.01E-07,0.000324465
204923,increase internal service charges by,6,1,Louisiana_Shreveport,4.80E-06,0.118339552
2801613,posted date total tac amount,589240,1,New York_New York City,0.034355992,0.251235927
650365,careers page of,1,1,New York_New York City,5.83E-08,0.189189189
2194252,managing modesto santiago owner,3,0,New York_New York City,1.75E-07,0.380882645
142973,agent ogden cap properties information douglas elliman property mgmt,7,0,New York_New York City,4.08E-07,0.480260834
3101407,r mcleod cuny laguardia community c n,7,0,New York_New York City,4.08E-07,0.081365289
584004,brooklyn ny,52721,0,New York_New York City,0.00307393,0.25413836
3287655,soil bacteria that produce toxins which control mosquito larvae these microbial larvicides,2,0,New York_New York City,1.17E-07,0.040250161
3584281,them to the historic daily values to generate future hdd and cdd for,1,0,New York_New York City,5.83E-08,0.451161311
2296865,mixed use number of units,179,0,New York_New York City,1.04E-05,0.426062847
1017407,design development,19,1,New York_New York City,1.11E-06,0.235860144
568610,breastfeeding,40,0,New York_New York City,2.33E-06,0.243186735
72077,administrative and political districts election districts clipped to shoreline,12,0,New York_New York City,7.00E-07,0.129091697
3226114,share,12681,1,New York_New York City,0.000739373,0.166666667
4091957,y shteyn transit authority,7,1,New York_New York City,4.08E-07,0.333006954
3362691,straphangers are consistently getting less for more and this is an important way the city can help them access an important tax break while promoting mass transit use at the same time,1,0,New York_New York City,5.83E-08,0.005263158
3768164,to years,18194,1,New York_New York City,0.001060812,0.246495251
3476773,th,2308,1,New York_New York City,0.000134569,0.220478878
3013725,renewal approved active increase to,1573,1,New York_New York City,9.17E-05,0.27385159
3252648,sincerely,34895,1,New York_New York City,0.002034574,0.25243464
1825820,information west street suite w st,107,1,New York_New York City,6.24E-06,0.293470739
953853,d chin department of parks recr u,6,1,New York_New York City,3.50E-07,0.338403194
3213385,several amendments to article are proposed in order to achieve consistency,1,0,New York_New York City,5.83E-08,0.31185567
1546007,g more housing authority a,7,1,New York_New York City,4.08E-07,0.118356305
444453,av and w st manhattan,164,1,New York_New York City,9.56E-06,0.437017563
2584106,one in three children are overweight or obese in this country while,2114,0,New York_New York City,0.000123258,0.250902383
748769,clean ups,5,1,New York_New York City,2.92E-07,0.127118644
2341213,m rivera transit authority,140,1,New York_New York City,8.16E-06,0.256000152
2215392,marine park one family dwellings madison place,3,1,New York_New York City,1.75E-07,0.177612718
2431428,n koloszuk fire department d,7,1,New York_New York City,4.08E-07,0.021192664
2281960,midtown east coops elevator apartments tudor city place,105,1,New York_New York City,6.12E-06,0.09562921
747687,c l cruz police department a,7,1,New York_New York City,4.08E-07,0.302427171
2949007,rarely value label frequency percent,1,1,New York_New York City,5.83E-08,0.463375455
153015,agent the penson information the pension corporation,21,1,New York_New York City,1.22E-06,0.032846485
2138767,long island city ny,6753,1,New York_New York City,0.000393738,0.331493662
447377,avenue ave,174,1,New York_New York City,1.01E-05,0.281354393
2334886,moved in to,3103,1,New York_New York City,0.000180922,0.250922226
2378172,national association of state budget officers tax expenditure reporting closing the loophole in,10,0,New York_New York City,5.83E-07,0.473756398
2735668,permit for demolition excavation or foundation work to be,3,0,New York_New York City,1.75E-07,0.441441441
3595099,the objective of the indirect business displacement analysis is to determine whether the proposed,12,0,New York_New York City,7.00E-07,0.305733603
1642603,h khan transit authority,11,1,New York_New York City,6.41E-07,0.031436814
3740436,to made in ny media center by ifp john st brooklyn,1,0,New York_New York City,5.83E-08,0.178947368
1802604,information,99502,1,New York_New York City,0.005801524,0.249357246
2802677,post the proof of age sign and tax stamp sign provided in this kit where your customers can easily see them,1,0,New York_New York City,5.83E-08,0.3
1414383,forest hills ny,2800,1,New York_New York City,0.000163256,0.272896519
1123488,drie tac report tac issued in calender year,25516,1,New York_New York City,0.001487726,0.248828678
2405115,new hyde park road suite new hyde park rd ste,109,1,New York_New York City,6.36E-06,0.008908922
1820653,information republic airport suite ion,23,1,New York_New York City,1.34E-06,0.222216635
441746,av,6455,1,New York_New York City,0.000376363,0.230736842
3943444,welsh,899,1,New York_New York City,5.24E-05,0.246777247
558610,borough of manhattan to change managing agent information please download the scrie property change form from finance,22567,0,New York_New York City,0.001315782,0.24677244
2194920,managing owner,122517,1,New York_New York City,0.007143427,0.251702577
558645,borough of queens to change agent owner information please download the scrie property change form on finance,5676,0,New York_New York City,0.000330943,0.252813871
3763790,to to credit,1475691,1,New York_New York City,0.08604105,0.252988806
3117147,r p menoni department of environmenta e,7,0,New York_New York City,4.08E-07,0.091728267
2214351,margin of margin of margin of margin of margin of margin of,616,0,New York_New York City,3.59E-05,0.241534212
1133437,d the contractor agrees to include the provisions of the foregoing paragraphs in every,6,0,New York_New York City,3.50E-07,0.079434889
1343773,faucets use or gallons a minute frank secretary,1,0,New York_New York City,5.83E-08,0.178819444
675443,cecilia kushner,6,1,New York_New York City,3.50E-07,0.47595629
1661606,houses brooklyn and removed one new stove from the premises during a follow up,1,0,New York_New York City,5.83E-08,0.148760331
3438153,t a chinapen transit authority,7,1,New York_New York City,4.08E-07,0.338449615
2211081,map chang s h our concept of he neighborhood,1,1,New York_New York City,5.83E-08,0.190647482
3013755,renewal approved expired two year,19965,1,New York_New York City,0.001164071,0.236532239
1316496,expense total expense per,479,1,New York_New York City,2.79E-05,0.183281412
1409700,forces of the ongoing obesity epidemic the institute of medicine recently,22436,0,New York_New York City,0.001308144,0.246992419
3895115,vision zero,35,1,New York_New York City,2.04E-06,0.176190476
1368356,filler pic x,239,1,New York_New York City,1.39E-05,0.247280434
1217994,e m illiano jr police department k,3,1,New York_New York City,1.75E-07,0.081583468
367804,are you now or have you ever been the subject of any claim of malpractice in an,1,0,New York_New York City,5.83E-08,0.046875
3164324,scrie tac report tac issued in calendar year,111415,1,New York_New York City,0.006496119,0.247842035
2936214,questions,203,1,New York_New York City,1.18E-05,0.289189189
369920,arno venue,1,1,New York_New York City,5.83E-08,0.448360084
4042135,would reduce ghg emissions from buildings by percent compared to levels,1,0,New York_New York City,5.83E-08,0.275692014
1130649,d s mandell business integrity commiss a,7,1,New York_New York City,4.08E-07,0.044808446
867590,contributor of calories to the american diet as well as a leading,2197,0,New York_New York City,0.000128097,0.251372499
3681433,this report also includes information on renewal tenants with a pending application these applications to renew the scrie benefit have been received by dof but deemed,25502,0,New York_New York City,0.001486909,0.253792783
3133714,safer brand o insecticidal potassium laurate,3,0,New York_New York City,1.75E-07,0.493641913
1782925,increase,32949,1,New York_New York City,0.001921111,0.261684996
2274645,m g bryan housing authority a,3,1,New York_New York City,1.75E-07,0.386146211
3911940,wadsworth avenue new york ny,2,1,New York_New York City,1.17E-07,0.105053191
3157119,schenck avenue boulevard boulevard,18,1,New York_New York City,1.05E-06,0.009677204
1815153,information management office,2202,1,New York_New York City,0.000128389,0.243084147
1517446,g a thomas department of sanitation v,4,1,New York_New York City,2.33E-07,0.39364559
1257269,e olmo police department x,7,1,New York_New York City,4.08E-07,0.160530344
3246717,significant for residences that predate extension of urban services that continued to be,4,0,New York_New York City,2.33E-07,0.20652116
988165,demonstrated specific human health effects or magnitude of such effects,1,0,New York_New York City,5.83E-08,0.095959596
1092927,docket app months included in this of monthly total tac for tax period tac type,117943,0,New York_New York City,0.006876737,0.248757376
2686607,parking,521,1,New York_New York City,3.04E-05,0.206422018
1812925,information hoyt street bergen st,2,1,New York_New York City,1.17E-07,0.478537162
558415,borough of bronx to change agent owner information please download the scrie property change form on finance,4632,0,New York_New York City,0.000270072,0.249931551
1804507,information avenue,1806,1,New York_New York City,0.0001053,0.27456842
3632994,the ribbon displaying filing progression status,13,1,New York_New York City,7.58E-07,0.273964497
2059472,l a ross department of correction d,3,1,New York_New York City,1.75E-07,0.281898387
221217,american society of civil engineers asce sei guideline for structural condition,1,0,New York_New York City,5.83E-08,0.495375311
1500355,fuad f adib,2,1,New York_New York City,1.17E-07,0.147176269
1892967,irish,947,1,New York_New York City,5.52E-05,0.241161616
1691302,i,4853,1,New York_New York City,0.000282957,0.263013699
2010721,k e barry police department d,7,1,New York_New York City,4.08E-07,0.44104579
2398335,n e moses transit authority,7,1,New York_New York City,4.08E-07,0.123150485
3470598,terms of indirect effects the open space ratios for residential open space study area would,1,0,New York_New York City,5.83E-08,0.220970537
1271018,e s espinal hra department of social s a,3,0,New York_New York City,1.75E-07,0.229195924
2622716,manufacturer or as measured in the field the height of the,6,0,Washington_Seattle,3.27E-07,0.186716766
3932343,self closing or automatically closing by listed closing and assemblies iebc resource a for a rating of,3,0,Washington_Seattle,1.63E-07,0.391308513
5029139,volunteer,2863,1,Washington_Seattle,0.000155959,0.256313131
4058220,smcjuryduty,5,1,Washington_Seattle,2.72E-07,0.200348432
1530074,environment and sustainability,1147,0,Washington_Seattle,6.25E-05,0.166666667
3783242,rin,88,1,Washington_Seattle,4.79E-06,0.191865598
2733806,mission statement and priorities,498,1,Washington_Seattle,2.71E-05,0.334433262
2086645,identify opportunities for alternatives to traditional open space including green,1,0,Washington_Seattle,5.45E-08,0.498295028
3308042,pharmacies that serve the indian health service tribal urban indian health program not,4,0,Washington_Seattle,2.18E-07,0.060383999
2969237,o,4122,1,Washington_Seattle,0.000224541,0.227313939
1381115,drag strut see collector,3,1,Washington_Seattle,1.63E-07,0.211787423
4959270,used oil fuel marketer to burner no,224,0,Washington_Seattle,1.22E-05,0.193822367
5103461,west duwamish greenbelt,1256,1,Washington_Seattle,6.84E-05,0.017772512
4978773,utilizing multiple rows of staples high load diaphragms with framing of,12,0,Washington_Seattle,6.54E-07,0.126868914
3585641,rainier playfield,1263,1,Washington_Seattle,6.88E-05,0.093932322
3473223,project id end date ongoing,10452,1,Washington_Seattle,0.000569361,0.261772444
11820,about this study,11,1,Washington_Seattle,5.99E-07,0.361586758
1931055,ground seismic winter ice barrier air mean,3,0,Washington_Seattle,1.63E-07,0.443440407
4946957,uptown triangle or hours,2,1,Washington_Seattle,1.09E-07,0.180119926
1814547,friends of roxhill elementary will review submittals conduct interviews of our top two or three finalists and make a selection by then the selected artist will work with our community conducting surveys meetings voting and or other methods we decide will work to serve our hopes and dreams for the mural through this process we will develop draft mural concepts revise the drafts based on community feedback and develop a final design the mural will be painted in and depending on weather friends of roxhill will host a final playground and mural unveiling party in inviting the community and media to the celebration,18,0,Washington_Seattle,9.81E-07,0.275973918
1159254,cumulative reserve subfund,28054,1,Washington_Seattle,0.001528209,0.263909774
1703616,finance and administrative services,2833,1,Washington_Seattle,0.000154324,0.330601093
4686727,this detail is for information only funds are appropriated in the budget at the budget control level amounts in thousands of dollars,18814,0,Washington_Seattle,0.001024871,0.235042685
562237,basement the portion of a building having its floor flood insurance study the official report provided,3,0,Washington_Seattle,1.63E-07,0.021804185
1196588,day street boat ramp,1235,1,Washington_Seattle,6.73E-05,0.361143524
4699853,this project builds or replaces aging communications infrastructure including fiber optic rings digital microwave,6,0,Washington_Seattle,3.27E-07,0.414143844
4246211,sufficiency rating,2,1,Washington_Seattle,1.09E-07,0.402118644
2610972,males years,681,1,Washington_Seattle,3.71E-05,0.287833271
1941955,guarding detainees at a hospital,497,0,Washington_Seattle,2.71E-05,0.262790698
3157686,other financing sources and uses,165,1,Washington_Seattle,8.99E-06,0.373725934
206164,amounts in thousands of dollars,7145,1,Washington_Seattle,0.000389216,0.29245283
1697344,fiiri qoraalada laga sameyay talooyinka karo xubnahaspd patakara pagbaba go,4,0,Washington_Seattle,2.18E-07,0.130745122
2872583,nent laws and ordinances be issued where the building official determines a shorter,3,0,Washington_Seattle,1.63E-07,0.468757307
21,a,13995,1,Washington_Seattle,0.000762362,0.246743849
4085372,source national center for charitable statistics core pc database for arts culture and humanities org the irs changed the reporting of,4,0,Washington_Seattle,2.18E-07,0.226847521
3060430,o m costs savings,46960,1,Washington_Seattle,0.002558092,0.22287622
142782,a land use designation on a zoning map that modifies the underlying designation in some,6,0,Washington_Seattle,3.27E-07,0.129088486
2969216,n zon,3,1,Washington_Seattle,1.63E-07,0.18805093
3765630,revenue sources,45519,1,Washington_Seattle,0.002479595,0.228003384
3473183,project id,1680,1,Washington_Seattle,9.15E-05,0.216471935
2306812,in the department initiated the policy of allocating fica taxes to o m in addition to capital projects operating expenses have been re stated to reflect,1,0,Washington_Seattle,5.45E-08,0.176587302
386720,archtext,11,1,Washington_Seattle,5.99E-07,0.229779412
1437988,education building and chapel dahp map,2,1,Washington_Seattle,1.09E-07,0.487299372
4246553,sufficiently frequent the proposal would allow for more flexibility in counting fts timing and,1,0,Washington_Seattle,5.45E-08,0.42045999
743434,byc height,435,1,Washington_Seattle,2.37E-05,0.264456438
4233645,submitted within the allowable time period post final inspection approval,3,0,Washington_Seattle,1.63E-07,0.080912863
2580796,luqna type los e inquilinos de propiedades,3,0,Washington_Seattle,1.63E-07,0.021367521
2017952,hispanic or latino persons of color total,423,1,Washington_Seattle,2.30E-05,0.248857994
1036382,consider accepting clients if services other,1,1,Washington_Seattle,5.45E-08,0.431554238
1618133,expenditures,4024,1,Washington_Seattle,0.000219203,0.338798753
2366372,it is free to display your art and we work solely on commission there is a one time application fee you maintain possession of your work until it sells ugallery then covers the packaging and shipping of your work directly from your studio to the client,18,0,Washington_Seattle,9.81E-07,0.202505626
3719483,reroofing the process of recovering or replacing an,9,0,Washington_Seattle,4.90E-07,0.214147287
4810520,total,103068,1,Washington_Seattle,0.005614511,0.222023673
4065734,socioeconomics,96,1,Washington_Seattle,5.23E-06,0.340040427
3274665,people dogs and parks strategic plan,1238,0,Washington_Seattle,6.74E-05,0.333625503
1570178,event calendar,15764,1,Washington_Seattle,0.000858726,0.42327044
3094146,o p,16,1,Washington_Seattle,8.72E-07,0.420331067
3322990,pioneer square japantown front,2,1,Washington_Seattle,1.09E-07,0.474672709
4364673,that customers electric power is restored as quickly as possible these outages result from events such as storms accidents,4,0,Washington_Seattle,2.18E-07,0.136143243
3129667,or e mail not be used for commercial purposes,84,1,Washington_Seattle,4.58E-06,0.07032967
4652523,the tmp directs the sdot to make capital and service investments to help achieve this vision,2,0,Washington_Seattle,1.09E-07,0.43503026
1480794,employed go outside home disability,547,0,Washington_Seattle,2.98E-05,0.2675
198387,amenities such as pedestrian street lighting street trees street furniture and,7,0,Washington_Seattle,3.81E-07,0.009135662
2093041,if currentstatuscategory,498,1,Washington_Seattle,2.71E-05,0.070356288
1280757,detonation required not permitted,30,1,Washington_Seattle,1.63E-06,0.267034568
3867993,seattle,21054,1,Washington_Seattle,0.001146892,0.402017291
2294440,internal structural walls of large vaults shall be provided with openings sufficient for,6,0,Washington_Seattle,3.27E-07,0.028189817
2140614,improvement ne north of office supply develop into more of a gathering plaza read paper drink a cup of coffee wait,1,0,Washington_Seattle,5.45E-08,0.019328704
2870653,neighbors,85,1,Washington_Seattle,4.63E-06,0.211711712
613822,be provided with its own prv,3,1,Washington_Seattle,1.63E-07,0.436550793
1693607,figure set top box for tivo or replay tv reception,1,0,Washington_Seattle,5.45E-08,0.081775505
3543908,public health services health care for the homeless,27,0,Washington_Seattle,1.47E-06,0.246968345
1843827,fund appropriations allocations,45498,1,Washington_Seattle,0.002478451,0.227967301
2169895,inclement weather or other emergency conditions shall not be compensated for,3,0,Washington_Seattle,1.63E-07,0.479737643
1353709,document library,597,1,Washington_Seattle,3.25E-05,0.45543672
2813788,multipurpose ltgo,9550,1,Washington_Seattle,0.000520225,0.21559616
2141118,improvement projects,28,1,Washington_Seattle,1.53E-06,0.349326852
2677084,meet demand if adaptation options were deployed,1,0,Washington_Seattle,5.45E-08,0.075573841
2925553,north rainier landbanked site park development,1237,0,Washington_Seattle,6.74E-05,0.303967328
872611,city light,10411,1,Washington_Seattle,0.000567127,0.197428139
2605797,make a property or building complaint,2119,1,Washington_Seattle,0.00011543,0.23877551
2175380,includes,190,1,Washington_Seattle,1.04E-05,0.244825649
2713980,mile area around the project trout species stocked in these lakes consist of westslope,3,0,Washington_Seattle,1.63E-07,0.2912975
4814303,total not living with owngrandchildren under,546,1,Washington_Seattle,2.97E-05,0.271406881
4949692,urban food systems program,1238,1,Washington_Seattle,6.74E-05,0.240654206
2227036,information technology and office space management support for all sdot business activities,15,0,Washington_Seattle,8.17E-07,0.061289307
4926347,universe population years and over other living with one parent,681,1,Washington_Seattle,3.71E-05,0.205630157
1429267,ecology technical guidance manual for evaluating emerging stormwater treatment,6,0,Washington_Seattle,3.27E-07,0.054944746
2316883,in thick insulation,3,1,Washington_Seattle,1.63E-07,0.016437815
5240083,would occur over the next years and existing capacity could change with each new building,2,0,Washington_Seattle,1.09E-07,0.043741148
873304,city light fund revenues,14154,1,Washington_Seattle,0.000771023,0.118523488
1320911,directors rule dww stormwater manual,2413,1,Washington_Seattle,0.000131445,0.229818463
3477469,projects about developing transportation choices in the city in prioritizing investments these plans,2,0,Washington_Seattle,1.09E-07,0.007702393
2554041,location s charles st,24,1,Washington_Seattle,1.31E-06,0.430982411
63013,actuals rev,26268,1,Washington_Seattle,0.001430919,0.221246492
235543,and dates by which they need to be completed for the initiative to be,1,0,Washington_Seattle,5.45E-08,0.255102041
508168,available for tree root growth these systems provide,3,0,Washington_Seattle,1.63E-07,0.141175363
4854441,transportation,15516,1,Washington_Seattle,0.000845216,0.215858041
4318527,tank sfc type not reported,179,1,Washington_Seattle,9.75E-06,0.219816906
4763760,to be able to go to that viewpoint in perpetuity and see significant natural and developed,1,0,Washington_Seattle,5.45E-08,0.010582011
